,id,seq,0
0,,,1ax1
1,,,GAQRDAAEHGAQRDAAEH
2,,,1ax2
3,,,GAQRDAAEHGAQRDAAEH
4,,,1gi9
5,,,VTYVVISATHCFANDILSTDYLYEQKVCCCQGDVCSLQGRMTLKPGVYTRVSHPWIRSH
6,,,1gww
7,,,LKLSDWPVWEGTYNRAVLDNYYQHYLEEFLMDDISMMRMDKFGVEDTGEGDFYYHAAIFGG
8,,,1gx0
9,,,LKLSDWPVWEGTYNRAVLDNYYQHYLEEFLMDDSMMRMDKFGVEDTGEGDFYYHAAIFGG
10,,,1ha2
11,,,YAGKSAQRLCAFERAFKAWAVARLSQASKLVTDLTKVTELLECADDRADLAKYDSKEKPLLEKSHCIAEVYCAY
12,,,1lhw
13,,,LNPEPIAVMTFSFEVRTWDEGVIFYWFMLGLRDGRAGPRLDDGRWHQSVLLEVDGEVLRRQVSGPKPLVP
14,,,1q4w
15,,,KGTVRATHSFMGWDRPILKGMEIQHLLGSDIYPSAMRKEQAENIGALAEIGFDGGVPMLPDVGAV
16,,,1q6e
17,,,YVPVYVMAGVDGVMYCGLTLQAIMSFHQCGGNVGDGTLIIDIYVGLGPLYPKVKLAIKVEHHAILNFDIRVAGSMFGV
18,,,1q6g
19,,,YVPVYVMAGVDGVMYCGLTLQAIMSFHQCGGNVGGLIIDIEVGLGPLYKVKLAIKVEHHAILTFDIRVAGSMFGV
20,,,1s50
21,,,TILPYDGKYGAQWNGMLAVAPLAIYVVDPFTLGISYGAVEDGATMTFVLVKSNEAFLMESTTISKGY
22,,,1s7y
23,,,TTIEGEDGKYGGQWNGDLAVAPLATYKIKPMTLGIEYGAVEDGATMTSVLVKSEYAFLMESTLDSKGG
24,,,1s9t
25,,,TTILEGEDGKYGGQWNGDLAVAPLATYKIKPMTLGISEYGAVEDGATMTSVLVKSEEYAFLMESTTELDSKGG
26,,,1tr7
27,,,FACIPIGGCHNDYPETITDYVYNSRRQTNNYNSDDFQF
28,,,1tt1
29,,,TTILEEGREDGKYGQWNGDAVAPLATYKIKPMTLGIEYGAVEDGATMTSVLVKSNEEYAFLMESTLDSKG
30,,,1txf
31,,,IVTTLLVPDGKDKGEWRADLAVAPTIRKFSPFMTLKIEYGAVRDGSTQQSALVTDYALLMEGLIDSG
32,,,1vot
33,,,YNCQQYVDPGFSGSEMWVMVWIYGGGFYSGSSTLLVSSTIFGESAINIDFDSIFFLVNKDEGFFDANPWMGVIHGYE
34,,,1w2g
35,,,IEGVDGKRLAFPRYAADAAEALHASVYAMATLFALDRALDRYVASNAAYSAARWVELLRYAA
36,,,1x9d
37,,,VRSFSEWGDVNSLFLRKAEDFAGDKKFQEAKINTHSG
38,,,1y1m
39,,,KIVTHMNFTYETQERVMGELLSGDALNEAQYIRLRNPSDKFITMAIQAVRDNQCDLV
40,,,1y93
41,,,WRKHYITYRIYTPDVDYAIR
42,,,1yxd
43,,,TSVGTGESATLNHDEHADVVGTGANATEASLTRFVTPYYNRRLP
44,,,1zhx
45,,,TSKSASGLSSLSAPPFILSPILTEFSQYWAEHSKSQYCSRNESSKKPLNPFLQSTAFSINGNQIKASFTKLTVKQFGHTMLPPLHIEGILVAPFVELEGGET
46,,,2a3c
47,,,ASNWIEKHYPGDSSGGWTYSYPENSAANAGGAHQANVYNRAVIMASYY
48,,,2bbf
49,,,KGTVRATGHSFMGWDRPILTFHIEIQHLLGSDPYTPRSSRKEQAEGQDALAEIGFDGSVPMLPIVGAV
50,,,2cji
51,,,ECPGCGIEAVHEVEVVDWATLMTQKTGISKVPYVDRCKLSSSQNMFCAGYDTKQEDTRFKDTYFVTGSWGEG
52,,,2dm5
53,,,SFVINGWHTIILASKIEGNFRLFLEQIHVSLVLKFHTLMVAGEYSVTYDGFNTFTIPKTFLMAHLINFQLMGLYGFL
54,,,2f5t
55,,,V
56,,,2fv5
57,,,PMKNTCKLLVVAD
58,,,2hd6
59,,,HWEKGERQSRILNNGHAFNRLIQFHGSAAELHLVYGDFGKPDGLAVYTYPGSLTTPPLLECVTMVD
60,,,2hdq
61,,,FELSHLGLGTQRLYTGDQGLGNPIINGSDNKIALSWVHKTGANYN
62,,,2hdr
63,,,TLFELGSGGLPLQQRLYNEYAWREGKAVHVSPGALDAEYASWVHKTI
64,,,2jbj
65,,,LDSVPENVSDENGKIVIARYGKVFGARGSLKVNGPGFAVEPDRYVILGGVHEIVRSKYTLRVDCTTEGFEGSLYETFSAFTEI
66,,,2jff
67,,,IIGLGLTGVMDTRMTPPHTGSLLVASPGIALHLDTGSNKSGNIELSSFQLEEDHMDRYYXLPINDSKATVLLGGDGLSPACASLDQFKNFEQ
68,,,2jgb
69,,,SRRTPGPQSYEQNIIGSEFDDANKNGKWILAVSVRFQEDIITASD
70,,,2nnq
71,,,WKLVSSENFDDYMKEVGVGATRKVAGMAKPNMIIITIKSESTFKNTEISFFEVTADDRVSILVHVQWTTIKRKLVVECVMSTRVY
72,,,2p3t
73,,,LTGNFTTTQKTGIVSGQNMAGYDTKQEDACPVIVSWGECARKGKYKVTAFLKWIDRS
74,,,2p98
75,,,LVVSACLGYHGYPKSVCIVVCHGIVNIDVTFHGDTSREYCGHGRGFHQLTFTIEPDGWTAQYEHL
76,,,2pjo
77,,,ELSVALDVTNAAGNSQRYTFAFGGNLQPTLARSFIICIISVT
78,,,2pzv
79,,,LRYIELVVAMTVENPQAFYRQGKVRGAMPFRVPCALDVIDGIQTMQAYE
80,,,2q3c
81,,,SVXDIGMEPTSGNTGIALLTMPETMSRLTPGADGMSGAIAQQFENGVGTGGTVEPSVKGPHPIQGIGAGFVPVISPDRY
82,,,2qmj
83,,,TWPIFNRDTTNGALGFHLPYDVQHIYNGQKLVTPLVEFDGIWIDMNPFDNKRSSGKFAAHWLNTGIVGPDLAFYPFSRN
84,,,2r3d
85,,,ELSVALDVTNAAGNSQRYTFAFGGLQTLARSFIICIIST
86,,,2rca
87,,,VVTLEYVGDGKDGRWTAHMAVTSFNVTSPFFSRFGTVWESSAHSANAFIMDKKFAIEY
88,,,2v7v
89,,,RPIIMDLTTVVVDVCHPEGTVFATTAGYYPKVIPEQPEPTF
90,,,2v8q
91,,,DLVVTG
92,,,2v8y
93,,,WQANLRITVEDFWYNIQLSSQRRSDLDRFWLETLLCIWTTECENREVTH
94,,,3c7i
95,,,MKPHKIPRAKQGIRESESP
96,,,3d2r
97,,,GPLTQVNGKFPDQPIHIVYFENQPSLTPIIVVLGKEDLTIKISDGVPLRIIDRLFSYAPLAGFGY
98,,,3ene
99,,,PFYESLKHPKAYPAKTYQLLARREVWDARAIAVQKLEDDDVLHYLLQLVQAVGGTAMLHDQVIEMLQ
100,,,4ubp
101,,,RNIGKNPYEPL
